r,BID_MAX,initial_eth,default_probability,crash_level,n,hui_break_rate,default_rate,eth_crash_break_rate,recovery_rate,residual_loss_usd,margin_call_rate,eth_topup_rate,liquidity_benefit_usd,capital_locked_usd,participation_rate
0.5,0.2,50.0,0.05,,150,0.4533333333333333,0.4533333333333333,0.0,0.9036533418003205,248.0082578375271,0.8466666666666667,0.8466666666666667,13514.648595965606,5954.894019090828,0.9093333333333333
0.5,0.2,100.0,0.05,,150,0.4533333333333333,0.4533333333333333,0.0,0.9036533418003205,248.0082578375271,0.8466666666666667,0.8466666666666667,13514.648595965606,5954.894019090828,0.9093333333333333
0.5,0.2,150.0,0.05,,150,0.4533333333333333,0.4533333333333333,0.0,0.9036533418003205,248.0082578375271,0.8466666666666667,0.8466666666666667,13514.648595965606,5954.894019090828,0.9093333333333333
0.6,0.2,50.0,0.05,,150,0.4533333333333333,0.4533333333333333,0.0,0.9340922112995316,166.40059450537743,0.8466666666666667,0.8466666666666667,13514.648595965606,7352.1127911239755,0.9093333333333333
0.6,0.2,100.0,0.05,,150,0.4533333333333333,0.4533333333333333,0.0,0.9340922112995316,166.40059450537743,0.8466666666666667,0.8466666666666667,13514.648595965606,7352.1127911239755,0.9093333333333333
0.6,0.2,150.0,0.05,,150,0.4533333333333333,0.4533333333333333,0.0,0.9340922112995316,166.40059450537743,0.8466666666666667,0.8466666666666667,13514.648595965606,7352.1127911239755,0.9093333333333333
0.7,0.2,50.0,0.05,,150,0.4533333333333333,0.4533333333333333,0.0,0.9608409914591768,95.863199191925,0.8466666666666667,0.8466666666666667,13514.648595965606,8765.249674312834,0.9093333333333333
0.7,0.2,100.0,0.05,,150,0.4533333333333333,0.4533333333333333,0.0,0.9608409914591768,95.863199191925,0.8466666666666667,0.8466666666666667,13514.648595965606,8765.249674312834,0.9093333333333333
0.7,0.2,150.0,0.05,,150,0.4533333333333333,0.4533333333333333,0.0,0.9608409914591768,95.863199191925,0.8466666666666667,0.8466666666666667,13514.648595965606,8765.249674312834,0.9093333333333333
0.8,0.2,50.0,0.05,,150,0.4533333333333333,0.4533333333333333,0.0,0.9861795583209757,29.710086089007667,0.8466666666666667,0.8466666666666667,13514.648595965606,10192.731636214496,0.9093333333333333
0.8,0.2,100.0,0.05,,150,0.4533333333333333,0.4533333333333333,0.0,0.9861795583209757,29.710086089007667,0.8466666666666667,0.8466666666666667,13514.648595965606,10192.731636214496,0.9093333333333333
0.8,0.2,150.0,0.05,,150,0.4533333333333333,0.4533333333333333,0.0,0.9861795583209757,29.710086089007667,0.8466666666666667,0.8466666666666667,13514.648595965606,10192.731636214496,0.9093333333333333
0.9,0.2,50.0,0.05,,150,0.4533333333333333,0.4533333333333333,0.0,0.9980847320352559,2.57869901305401,0.8466666666666667,0.8466666666666667,13514.648595965606,11638.625273025205,0.9093333333333333
0.9,0.2,100.0,0.05,,150,0.4533333333333333,0.4533333333333333,0.0,0.9980847320352559,2.57869901305401,0.8466666666666667,0.8466666666666667,13514.648595965606,11638.625273025205,0.9093333333333333
0.9,0.2,150.0,0.05,,150,0.4533333333333333,0.4533333333333333,0.0,0.9980847320352559,2.57869901305401,0.8466666666666667,0.8466666666666667,13514.648595965606,11638.625273025205,0.9093333333333333
1.0,0.2,50.0,0.05,,150,0.4533333333333333,0.4533333333333333,0.0,1.0,0.0,0.8466666666666667,0.8466666666666667,13514.648595965606,13099.117599010679,0.9093333333333333
1.0,0.2,100.0,0.05,,150,0.4533333333333333,0.4533333333333333,0.0,1.0,0.0,0.8466666666666667,0.8466666666666667,13514.648595965606,13099.117599010679,0.9093333333333333
1.0,0.2,150.0,0.05,,150,0.4533333333333333,0.4533333333333333,0.0,1.0,0.0,0.8466666666666667,0.8466666666666667,13514.648595965606,13099.117599010679,0.9093333333333333
1.1,0.2,50.0,0.05,,150,0.4533333333333333,0.4533333333333333,0.0,1.0,0.0,0.8466666666666667,0.8466666666666667,13514.648595965606,14569.044540624796,0.9093333333333333
1.1,0.2,100.0,0.05,,150,0.4533333333333333,0.4533333333333333,0.0,1.0,0.0,0.8466666666666667,0.8466666666666667,13514.648595965606,14569.044540624796,0.9093333333333333
1.1,0.2,150.0,0.05,,150,0.4533333333333333,0.4533333333333333,0.0,1.0,0.0,0.8466666666666667,0.8466666666666667,13514.648595965606,14569.044540624796,0.9093333333333333
1.2,0.2,50.0,0.05,,150,0.4533333333333333,0.4533333333333333,0.0,1.0,0.0,0.8466666666666667,0.8466666666666667,13514.648595965606,16038.977672555637,0.9093333333333333
1.2,0.2,100.0,0.05,,150,0.4533333333333333,0.4533333333333333,0.0,1.0,0.0,0.8466666666666667,0.8466666666666667,13514.648595965606,16038.977672555637,0.9093333333333333
1.2,0.2,150.0,0.05,,150,0.4533333333333333,0.4533333333333333,0.0,1.0,0.0,0.8466666666666667,0.8466666666666667,13514.648595965606,16038.977672555637,0.9093333333333333
1.3,0.2,50.0,0.05,,150,0.4533333333333333,0.4533333333333333,0.0,1.0,0.0,0.8466666666666667,0.8466666666666667,13514.648595965606,17508.93484384578,0.9093333333333333
1.3,0.2,100.0,0.05,,150,0.4533333333333333,0.4533333333333333,0.0,1.0,0.0,0.8466666666666667,0.8466666666666667,13514.648595965606,17508.93484384578,0.9093333333333333
1.3,0.2,150.0,0.05,,150,0.4533333333333333,0.4533333333333333,0.0,1.0,0.0,0.8466666666666667,0.8466666666666667,13514.648595965606,17508.93484384578,0.9093333333333333
1.4,0.2,50.0,0.05,,150,0.4533333333333333,0.4533333333333333,0.0,1.0,0.0,0.8466666666666667,0.8466666666666667,13514.648595965606,18978.998276116265,0.9093333333333333
1.4,0.2,100.0,0.05,,150,0.4533333333333333,0.4533333333333333,0.0,1.0,0.0,0.8466666666666667,0.8466666666666667,13514.648595965606,18978.998276116265,0.9093333333333333
1.4,0.2,150.0,0.05,,150,0.4533333333333333,0.4533333333333333,0.0,1.0,0.0,0.8466666666666667,0.8466666666666667,13514.648595965606,18978.998276116265,0.9093333333333333
1.5,0.2,50.0,0.05,,150,0.4533333333333333,0.4533333333333333,0.0,1.0,0.0,0.8466666666666667,0.8466666666666667,13514.648595965606,20449.150352528282,0.9093333333333333
1.5,0.2,100.0,0.05,,150,0.4533333333333333,0.4533333333333333,0.0,1.0,0.0,0.8466666666666667,0.8466666666666667,13514.648595965606,20449.150352528282,0.9093333333333333
1.5,0.2,150.0,0.05,,150,0.4533333333333333,0.4533333333333333,0.0,1.0,0.0,0.8466666666666667,0.8466666666666667,13514.648595965606,20449.150352528282,0.9093333333333333
