month,date,log_return,rolling_sigma_12m
2021-01,2021-01-31,0.5779040536084196,0.3045698562596893
2021-02,2021-02-28,0.07404438813853624,0.3054593452244362
2021-03,2021-03-31,0.3036011644622128,0.22722236756289202
2021-04,2021-04-30,0.3685326950281634,0.22178796917564544
2021-05,2021-05-31,-0.02123261305393726,0.2304262271816551
2021-06,2021-06-30,-0.17699063170906795,0.2481281755674323
2021-07,2021-07-31,0.1088896465673162,0.237915575907051
2021-08,2021-08-31,0.30297708497824655,0.24060634024913935
2021-09,2021-09-30,-0.13447612647971324,0.23349317180057083
2021-10,2021-10-31,0.356665948281642,0.23629881564221114
2021-11,2021-11-30,0.07703852428102638,0.22310921754062335
2021-12,2021-12-31,-0.229248321820589,0.2506836556507151
2022-01,2022-01-31,-0.31472679383911933,0.2391513888524112
2022-02,2022-02-28,0.08240886685988344,0.23920953209245124
2022-03,2022-03-31,0.11703414987710431,0.22774605338350595
2022-04,2022-04-30,-0.18397413756507824,0.21161285691704448
2022-05,2022-05-31,-0.3404827647300268,0.23330285298614767
2022-06,2022-06-30,-0.598756258202764,0.2840536900270879
2022-07,2022-07-31,0.45456556383245655,0.31851350116230437
2022-08,2022-08-31,-0.07906707294845736,0.3003156387462828
2022-09,2022-09-30,-0.1569715229882393,0.3008510898928857
2022-10,2022-10-31,0.16914512815141086,0.28100576863092247
2022-11,2022-11-30,-0.1937608027776709,0.2777889600098633
2022-12,2022-12-31,-0.0794149928292839,0.2751074741691259
2023-01,2023-01-31,0.28192534791008,0.2852528451840944
2023-02,2023-02-28,0.012128676431071973,0.28313637764193217
2023-03,2023-03-31,0.12626560366025713,0.2836429730077775
2023-04,2023-04-30,0.0296875098198623,0.281096921892658
2023-05,2023-05-31,-0.0014896203338200106,0.26368709936069795
2023-06,2023-06-30,0.03102613785542853,0.18537255336931704
2023-07,2023-07-31,-0.04065984724655163,0.13538143193042854
2023-08,2023-08-31,-0.1203822495329745,0.138297411821164
2023-09,2023-09-30,0.015390256247743364,0.12857867020955327
2023-10,2023-10-31,0.08336988073682422,0.12168163805602066
2023-11,2023-11-30,0.12219692704954341,0.10632405675784112
2023-12,2023-12-31,0.10573457427075238,0.10098292892506737
2024-01,2024-01-31,0.00047030610561611945,0.07157669672651287
2024-02,2024-02-29,0.3812545953232424,0.12352084655354555
2024-03,2024-03-31,0.08759432413030706,0.12216233638459305
2024-04,2024-04-30,-0.191440173639695,0.14188260586021367
2024-05,2024-05-31,0.22172648867344527,0.15040745194517793
2024-06,2024-06-30,-0.09102380748756594,0.15640602608421914
2024-07,2024-07-31,-0.060519039205925634,0.15752875305745848
2024-08,2024-08-31,-0.2512492372126077,0.17379899614792677
2024-09,2024-09-30,0.03505477931921318,0.17368695730254705
2024-10,2024-10-31,-0.034098157568386404,0.17414136902174832
2024-11,2024-11-30,0.3872830383096236,0.2018973025397211
2024-12,2024-12-31,-0.10614131412127709,0.20573487690852837
2025-01,2025-01-31,-0.010335682801299192,0.20590698013828182
2025-02,2025-02-28,-0.38785633153090593,0.20656132607554553
2025-03,2025-03-31,-0.20479352998187453,0.20822743127980997
2025-04,2025-04-30,-0.016424197098759395,0.20410313062115704
2025-05,2025-05-31,0.34353597165379063,0.2208209280587627
2025-06,2025-06-30,-0.016996763284464485,0.22008683847859825
2025-07,2025-07-31,0.3965808660994692,0.25110568571325087
2025-08,2025-08-31,0.17189093493709268,0.24037940005631275
2025-09,2025-09-30,-0.057199797055990556,0.24224585738373014
2025-10,2025-10-31,-0.07481926507994446,0.2436408627242169
2025-11,2025-11-30,-0.2513348267561452,0.22910311229585426
2025-12,2025-12-31,-0.008415662819827105,0.22740900350478732
2026-01,2026-01-31,-0.19348134621565705,0.23352057748912028
2026-02,2026-02-28,-0.21856470333496938,0.21389151381055635
2026-03,2026-03-31,0.06865889626060037,0.20576100388267318
2026-04,2026-04-30,0.06952782424893177,0.2061789892220009
2026-05,2026-05-31,-0.11838907993442925,0.1817803047516859
2026-06,2026-06-30,-0.24450507582651657,0.19302562302980217
2026-07,2026-07-31,0.16995193521427174,0.15368154900955067
2026-08,2026-08-31,0.28216753486940627,0.17095390378429012
2026-09,2026-09-30,0.08425878109387608,0.17509149007540756
