month,date,eth_usd,n_daily_obs
2020-01,2020-01-31,180.16017150878903,31
2020-02,2020-02-29,219.8485107421875,29
2020-03,2020-03-31,133.59356689453125,31
2020-04,2020-04-30,207.60205078125,30
2020-05,2020-05-31,230.9757080078125,31
2020-06,2020-06-30,226.31500244140625,30
2020-07,2020-07-31,345.5546569824219,31
2020-08,2020-08-31,435.0797424316406,31
2020-09,2020-09-30,359.9378662109375,30
2020-10,2020-10-31,386.59033203125,31
2020-11,2020-11-30,614.842529296875,30
2020-12,2020-12-31,737.8034057617188,31
2021-01,2021-01-31,1314.9862060546875,31
2021-02,2021-02-28,1416.0489501953125,28
2021-03,2021-03-31,1918.362060546875,31
2021-04,2021-04-30,2773.20703125,30
2021-05,2021-05-31,2714.9453125,31
2021-06,2021-06-30,2274.547607421875,30
2021-07,2021-07-31,2536.2099609375,31
2021-08,2021-08-31,3433.732666015625,31
2021-09,2021-09-30,3001.678955078125,30
2021-10,2021-10-31,4288.07421875,31
2021-11,2021-11-30,4631.47900390625,30
2021-12,2021-12-31,3682.6328125,31
2022-01,2022-01-31,2688.27880859375,31
2022-02,2022-02-28,2919.201171875,28
2022-03,2022-03-31,3281.642822265625,31
2022-04,2022-04-30,2730.186767578125,30
2022-05,2022-05-31,1942.3280029296875,31
2022-06,2022-06-30,1067.298828125,30
2022-07,2022-07-31,1681.517333984375,31
2022-08,2022-08-31,1553.6849365234375,31
2022-09,2022-09-30,1327.9786376953125,30
2022-10,2022-10-31,1572.7144775390625,31
2022-11,2022-11-30,1295.6885986328125,30
2022-12,2022-12-31,1196.771240234375,31
2023-01,2023-01-31,1586.535400390625,31
2023-02,2023-02-28,1605.8951416015625,28
2023-03,2023-03-31,1822.0220947265625,31
2023-04,2023-04-30,1876.92431640625,30
2023-05,2023-05-31,1874.1304931640625,31
2023-06,2023-06-30,1933.18896484375,30
2023-07,2023-07-31,1856.162353515625,31
2023-08,2023-08-31,1645.63916015625,31
2023-09,2023-09-30,1671.161865234375,30
2023-10,2023-10-31,1816.458984375,31
2023-11,2023-11-30,2052.55615234375,30
2023-12,2023-12-31,2281.47119140625,31
2024-01,2024-01-31,2282.54443359375,31
2024-02,2024-02-29,3341.919677734375,29
2024-03,2024-03-31,3647.8564453125,31
2024-04,2024-04-30,3012.286865234375,30
2024-05,2024-05-31,3760.026611328125,31
2024-06,2024-06-30,3432.88916015625,30
2024-07,2024-07-31,3231.295654296875,31
2024-08,2024-08-31,2513.393798828125,31
2024-09,2024-09-30,2603.062744140625,30
2024-10,2024-10-31,2515.79931640625,31
2024-11,2024-11-30,3705.705322265625,30
2024-12,2024-12-31,3332.53173828125,31
2025-01,2025-01-31,3298.26513671875,31
2025-02,2025-02-28,2237.9052734375,28
2025-03,2025-03-31,1823.47998046875,31
2025-04,2025-04-30,1793.775390625,30
2025-05,2025-05-31,2529.08740234375,31
2025-06,2025-06-30,2486.46435546875,30
2025-07,2025-07-31,3696.707763671875,31
2025-08,2025-08-31,4390.01904296875,31
2025-09,2025-09-30,4145.95751953125,30
2025-10,2025-10-31,3847.080322265625,31
2025-11,2025-11-30,2992.112548828125,30
2025-12,2025-12-31,2967.03759765625,31
2026-01,2026-01-31,2445.091796875,31
2026-02,2026-02-28,1965.050537109375,28
2026-03,2026-03-31,2104.708251953125,31
2026-04,2026-04-30,2256.251220703125,30
2026-05,2026-05-31,2004.341552734375,31
2026-06,2026-06-30,1569.5838623046875,30
2026-07,2026-07-31,1860.345947265625,31
2026-08,2026-08-31,2466.8203125,31
2026-09,2026-09-30,2683.679443359375,30
