month,date,eth_usd,log_return,simple_return
2020-02,2020-02-29,219.8485107421875,0.19909242470029168,0.22029474606412824
2020-03,2020-03-31,133.59356689453125,-0.4981366136754054,-0.3923380856957722
2020-04,2020-04-30,207.60205078125,0.44082092180918053,0.553982393067973
2020-05,2020-05-31,230.9757080078125,0.10668951508739845,0.11258875882296215
2020-06,2020-06-30,226.31500244140625,-0.020384699928056055,-0.020178336529868335
2020-07,2020-07-31,345.5546569824219,0.4232229825365843,0.5268747244093426
2020-08,2020-08-31,435.0797424316406,0.2303785027619105,0.259076483677003
2020-09,2020-09-30,359.9378662109375,-0.1895979075275625,-0.17270828515420789
2020-10,2020-10-31,386.59033203125,0.07143413608679289,0.07404740740640259
2020-11,2020-11-30,614.842529296875,0.46400062631395134,0.590423966544446
2020-12,2020-12-31,737.8034057617188,0.18231121615981646,0.19998759130319121
2021-01,2021-01-31,1314.9862060546875,0.5779040536084196,0.78229891023216
2021-02,2021-02-28,1416.0489501953125,0.07404438813853624,0.07685460400671462
2021-03,2021-03-31,1918.362060546875,0.3036011644622128,0.3547286344036904
2021-04,2021-04-30,2773.20703125,0.3685326950281634,0.44561190417800023
2021-05,2021-05-31,2714.9453125,-0.02123261305393726,-0.021008788054218575
2021-06,2021-06-30,2274.547607421875,-0.17699063170906795,-0.1622123668754838
2021-07,2021-07-31,2536.2099609375,0.1088896465673162,0.11503929513799482
2021-08,2021-08-31,3433.732666015625,0.30297708497824655,0.3538834398183497
2021-09,2021-09-30,3001.678955078125,-0.13447612647971324,-0.1258262517678288
2021-10,2021-10-31,4288.07421875,0.356665948281642,0.4285585776905292
2021-11,2021-11-30,4631.47900390625,0.07703852428102638,0.08008368503853802
2021-12,2021-12-31,3682.6328125,-0.229248321820589,-0.20486893940488138
2022-01,2022-01-31,2688.27880859375,-0.31472679383911933,-0.27001171567556326
2022-02,2022-02-28,2919.201171875,0.08240886685988344,0.08589970747939146
2022-03,2022-03-31,3281.642822265625,0.11703414987710431,0.12415781888640076
2022-04,2022-04-30,2730.186767578125,-0.18397413756507824,-0.16804268000951372
2022-05,2022-05-31,1942.3280029296875,-0.3404827647300268,-0.2885732119152148
2022-06,2022-06-30,1067.298828125,-0.598756258202764,-0.45050535928269975
2022-07,2022-07-31,1681.517333984375,0.45456556383245655,0.5754887850279162
2022-08,2022-08-31,1553.6849365234375,-0.07906707294845736,-0.07602205155865815
2022-09,2022-09-30,1327.9786376953125,-0.1569715229882393,-0.14527160141821982
2022-10,2022-10-31,1572.7144775390625,0.16914512815141086,0.184292000561459
2022-11,2022-11-30,1295.6885986328125,-0.1937608027776709,-0.17614505548377224
2022-12,2022-12-31,1196.771240234375,-0.0794149928292839,-0.07634346593989738
2023-01,2023-01-31,1586.535400390625,0.28192534791008,0.32567975152872064
2023-02,2023-02-28,1605.8951416015625,0.012128676431071973,0.012202527095311444
2023-03,2023-03-31,1822.0220947265625,0.12626560366025713,0.13458347779136814
2023-04,2023-04-30,1876.92431640625,0.0296875098198623,0.03013257733733843
2023-05,2023-05-31,1874.1304931640625,-0.0014896203338200106,-0.0014885114001489397
2023-06,2023-06-30,1933.18896484375,0.03102613785542853,0.03151246505785199
2023-07,2023-07-31,1856.162353515625,-0.04065984724655163,-0.039844325996528096
2023-08,2023-08-31,1645.63916015625,-0.1203822495329745,-0.11341852341775926
2023-09,2023-09-30,1671.161865234375,0.015390256247743364,0.015509296142236728
2023-10,2023-10-31,1816.458984375,0.08336988073682422,0.08694377376798723
2023-11,2023-11-30,2052.55615234375,0.12219692704954341,0.12997660282981038
2023-12,2023-12-31,2281.47119140625,0.10573457427075238,0.11152680953508098
2024-01,2024-01-31,2282.54443359375,0.00047030610561611945,0.0004704167168723128
2024-02,2024-02-29,3341.919677734375,0.3812545953232424,0.46412031614766525
2024-03,2024-03-31,3647.8564453125,0.08759432413030706,0.09154521864078191
2024-04,2024-04-30,3012.286865234375,-0.191440173639695,-0.17423097361598006
2024-05,2024-05-31,3760.026611328125,0.22172648867344527,0.2482299261480101
2024-06,2024-06-30,3432.88916015625,-0.09102380748756594,-0.08700402549978836
2024-07,2024-07-31,3231.295654296875,-0.060519039205925634,-0.05872415229689487
2024-08,2024-08-31,2513.393798828125,-0.2512492372126077,-0.22217151640522492
2024-09,2024-09-30,2603.062744140625,0.03505477931921318,0.035676440896093675
2024-10,2024-10-31,2515.79931640625,-0.034098157568386404,-0.03352336701479863
2024-11,2024-11-30,3705.705322265625,0.3872830383096236,0.4729733401625702
2024-12,2024-12-31,3332.53173828125,-0.10614131412127709,-0.10070244434768516
2025-01,2025-01-31,3298.26513671875,-0.010335682801299192,-0.010282453177827167
2025-02,2025-02-28,2237.9052734375,-0.38785633153090593,-0.3214901832713606
2025-03,2025-03-31,1823.47998046875,-0.20479352998187453,-0.18518446597705107
2025-04,2025-04-30,1793.775390625,-0.016424197098759395,-0.016290055367711775
2025-05,2025-05-31,2529.08740234375,0.34353597165379063,0.4099242388772808
2025-06,2025-06-30,2486.46435546875,-0.016996763284464485,-0.01685313320350279
2025-07,2025-07-31,3696.707763671875,0.3965808660994692,0.4867326593849237
2025-08,2025-08-31,4390.01904296875,0.17189093493709268,0.1875483061198815
2025-09,2025-09-30,4145.95751953125,-0.057199797055990556,-0.05559463889533689
2025-10,2025-10-31,3847.080322265625,-0.07481926507994446,-0.07208882287327845
2025-11,2025-11-30,2992.112548828125,-0.2513348267561452,-0.22223808754114904
2025-12,2025-12-31,2967.03759765625,-0.008415662819827105,-0.008380350258447189
2026-01,2026-01-31,2445.091796875,-0.19348134621565705,-0.17591479164050716
2026-02,2026-02-28,1965.050537109375,-0.21856470333496938,-0.19632852246249066
2026-03,2026-03-31,2104.708251953125,0.06865889626060037,0.07107080057553583
2026-04,2026-04-30,2256.251220703125,0.06952782424893177,0.072001888437208
2026-05,2026-05-31,2004.341552734375,-0.11838907993442925,-0.1116496539291606
2026-06,2026-06-30,1569.5838623046875,-0.24450507582651657,-0.21690798648393017
2026-07,2026-07-31,1860.345947265625,0.16995193521427174,0.18524788126580183
2026-08,2026-08-31,2466.8203125,0.28216753486940627,0.32600085275847945
2026-09,2026-09-30,2683.679443359375,0.08425878109387608,0.08791038802481688
