path_id,step,date,eth_usd
PATH_0001,0,2020-01-31,180.16017150878903
PATH_0001,1,2020-02-29,219.8485107421875
PATH_0001,2,2020-03-31,133.59356689453125
PATH_0001,3,2020-04-30,207.60205078125
PATH_0001,4,2020-05-31,230.9757080078125
PATH_0002,0,2020-02-29,219.8485107421875
PATH_0002,1,2020-03-31,133.59356689453125
PATH_0002,2,2020-04-30,207.60205078125
PATH_0002,3,2020-05-31,230.9757080078125
PATH_0002,4,2020-06-30,226.31500244140625
PATH_0003,0,2020-03-31,133.59356689453125
PATH_0003,1,2020-04-30,207.60205078125
PATH_0003,2,2020-05-31,230.9757080078125
PATH_0003,3,2020-06-30,226.31500244140625
PATH_0003,4,2020-07-31,345.5546569824219
PATH_0004,0,2020-04-30,207.60205078125
PATH_0004,1,2020-05-31,230.9757080078125
PATH_0004,2,2020-06-30,226.31500244140625
PATH_0004,3,2020-07-31,345.5546569824219
PATH_0004,4,2020-08-31,435.0797424316406
PATH_0005,0,2020-05-31,230.9757080078125
PATH_0005,1,2020-06-30,226.31500244140625
PATH_0005,2,2020-07-31,345.5546569824219
PATH_0005,3,2020-08-31,435.0797424316406
PATH_0005,4,2020-09-30,359.9378662109375
PATH_0006,0,2020-06-30,226.31500244140625
PATH_0006,1,2020-07-31,345.5546569824219
PATH_0006,2,2020-08-31,435.0797424316406
PATH_0006,3,2020-09-30,359.9378662109375
PATH_0006,4,2020-10-31,386.59033203125
PATH_0007,0,2020-07-31,345.5546569824219
PATH_0007,1,2020-08-31,435.0797424316406
PATH_0007,2,2020-09-30,359.9378662109375
PATH_0007,3,2020-10-31,386.59033203125
PATH_0007,4,2020-11-30,614.842529296875
PATH_0008,0,2020-08-31,435.0797424316406
PATH_0008,1,2020-09-30,359.9378662109375
PATH_0008,2,2020-10-31,386.59033203125
PATH_0008,3,2020-11-30,614.842529296875
PATH_0008,4,2020-12-31,737.8034057617188
PATH_0009,0,2020-09-30,359.9378662109375
PATH_0009,1,2020-10-31,386.59033203125
PATH_0009,2,2020-11-30,614.842529296875
PATH_0009,3,2020-12-31,737.8034057617188
PATH_0009,4,2021-01-31,1314.9862060546875
PATH_0010,0,2020-10-31,386.59033203125
PATH_0010,1,2020-11-30,614.842529296875
PATH_0010,2,2020-12-31,737.8034057617188
PATH_0010,3,2021-01-31,1314.9862060546875
PATH_0010,4,2021-02-28,1416.0489501953125
PATH_0011,0,2020-11-30,614.842529296875
PATH_0011,1,2020-12-31,737.8034057617188
PATH_0011,2,2021-01-31,1314.9862060546875
PATH_0011,3,2021-02-28,1416.0489501953125
PATH_0011,4,2021-03-31,1918.362060546875
PATH_0012,0,2020-12-31,737.8034057617188
PATH_0012,1,2021-01-31,1314.9862060546875
PATH_0012,2,2021-02-28,1416.0489501953125
PATH_0012,3,2021-03-31,1918.362060546875
PATH_0012,4,2021-04-30,2773.20703125
PATH_0013,0,2021-01-31,1314.9862060546875
PATH_0013,1,2021-02-28,1416.0489501953125
PATH_0013,2,2021-03-31,1918.362060546875
PATH_0013,3,2021-04-30,2773.20703125
PATH_0013,4,2021-05-31,2714.9453125
PATH_0014,0,2021-02-28,1416.0489501953125
PATH_0014,1,2021-03-31,1918.362060546875
PATH_0014,2,2021-04-30,2773.20703125
PATH_0014,3,2021-05-31,2714.9453125
PATH_0014,4,2021-06-30,2274.547607421875
PATH_0015,0,2021-03-31,1918.362060546875
PATH_0015,1,2021-04-30,2773.20703125
PATH_0015,2,2021-05-31,2714.9453125
PATH_0015,3,2021-06-30,2274.547607421875
PATH_0015,4,2021-07-31,2536.2099609375
PATH_0016,0,2021-04-30,2773.20703125
PATH_0016,1,2021-05-31,2714.9453125
PATH_0016,2,2021-06-30,2274.547607421875
PATH_0016,3,2021-07-31,2536.2099609375
PATH_0016,4,2021-08-31,3433.732666015625
PATH_0017,0,2021-05-31,2714.9453125
PATH_0017,1,2021-06-30,2274.547607421875
PATH_0017,2,2021-07-31,2536.2099609375
PATH_0017,3,2021-08-31,3433.732666015625
PATH_0017,4,2021-09-30,3001.678955078125
PATH_0018,0,2021-06-30,2274.547607421875
PATH_0018,1,2021-07-31,2536.2099609375
PATH_0018,2,2021-08-31,3433.732666015625
PATH_0018,3,2021-09-30,3001.678955078125
PATH_0018,4,2021-10-31,4288.07421875
PATH_0019,0,2021-07-31,2536.2099609375
PATH_0019,1,2021-08-31,3433.732666015625
PATH_0019,2,2021-09-30,3001.678955078125
PATH_0019,3,2021-10-31,4288.07421875
PATH_0019,4,2021-11-30,4631.47900390625
PATH_0020,0,2021-08-31,3433.732666015625
PATH_0020,1,2021-09-30,3001.678955078125
PATH_0020,2,2021-10-31,4288.07421875
PATH_0020,3,2021-11-30,4631.47900390625
PATH_0020,4,2021-12-31,3682.6328125
PATH_0021,0,2021-09-30,3001.678955078125
PATH_0021,1,2021-10-31,4288.07421875
PATH_0021,2,2021-11-30,4631.47900390625
PATH_0021,3,2021-12-31,3682.6328125
PATH_0021,4,2022-01-31,2688.27880859375
PATH_0022,0,2021-10-31,4288.07421875
PATH_0022,1,2021-11-30,4631.47900390625
PATH_0022,2,2021-12-31,3682.6328125
PATH_0022,3,2022-01-31,2688.27880859375
PATH_0022,4,2022-02-28,2919.201171875
PATH_0023,0,2021-11-30,4631.47900390625
PATH_0023,1,2021-12-31,3682.6328125
PATH_0023,2,2022-01-31,2688.27880859375
PATH_0023,3,2022-02-28,2919.201171875
PATH_0023,4,2022-03-31,3281.642822265625
PATH_0024,0,2021-12-31,3682.6328125
PATH_0024,1,2022-01-31,2688.27880859375
PATH_0024,2,2022-02-28,2919.201171875
PATH_0024,3,2022-03-31,3281.642822265625
PATH_0024,4,2022-04-30,2730.186767578125
PATH_0025,0,2022-01-31,2688.27880859375
PATH_0025,1,2022-02-28,2919.201171875
PATH_0025,2,2022-03-31,3281.642822265625
PATH_0025,3,2022-04-30,2730.186767578125
PATH_0025,4,2022-05-31,1942.3280029296875
PATH_0026,0,2022-02-28,2919.201171875
PATH_0026,1,2022-03-31,3281.642822265625
PATH_0026,2,2022-04-30,2730.186767578125
PATH_0026,3,2022-05-31,1942.3280029296875
PATH_0026,4,2022-06-30,1067.298828125
PATH_0027,0,2022-03-31,3281.642822265625
PATH_0027,1,2022-04-30,2730.186767578125
PATH_0027,2,2022-05-31,1942.3280029296875
PATH_0027,3,2022-06-30,1067.298828125
PATH_0027,4,2022-07-31,1681.517333984375
PATH_0028,0,2022-04-30,2730.186767578125
PATH_0028,1,2022-05-31,1942.3280029296875
PATH_0028,2,2022-06-30,1067.298828125
PATH_0028,3,2022-07-31,1681.517333984375
PATH_0028,4,2022-08-31,1553.6849365234375
PATH_0029,0,2022-05-31,1942.3280029296875
PATH_0029,1,2022-06-30,1067.298828125
PATH_0029,2,2022-07-31,1681.517333984375
PATH_0029,3,2022-08-31,1553.6849365234375
PATH_0029,4,2022-09-30,1327.9786376953125
PATH_0030,0,2022-06-30,1067.298828125
PATH_0030,1,2022-07-31,1681.517333984375
PATH_0030,2,2022-08-31,1553.6849365234375
PATH_0030,3,2022-09-30,1327.9786376953125
PATH_0030,4,2022-10-31,1572.7144775390625
PATH_0031,0,2022-07-31,1681.517333984375
PATH_0031,1,2022-08-31,1553.6849365234375
PATH_0031,2,2022-09-30,1327.9786376953125
PATH_0031,3,2022-10-31,1572.7144775390625
PATH_0031,4,2022-11-30,1295.6885986328125
PATH_0032,0,2022-08-31,1553.6849365234375
PATH_0032,1,2022-09-30,1327.9786376953125
PATH_0032,2,2022-10-31,1572.7144775390625
PATH_0032,3,2022-11-30,1295.6885986328125
PATH_0032,4,2022-12-31,1196.771240234375
PATH_0033,0,2022-09-30,1327.9786376953125
PATH_0033,1,2022-10-31,1572.7144775390625
PATH_0033,2,2022-11-30,1295.6885986328125
PATH_0033,3,2022-12-31,1196.771240234375
PATH_0033,4,2023-01-31,1586.535400390625
PATH_0034,0,2022-10-31,1572.7144775390625
PATH_0034,1,2022-11-30,1295.6885986328125
PATH_0034,2,2022-12-31,1196.771240234375
PATH_0034,3,2023-01-31,1586.535400390625
PATH_0034,4,2023-02-28,1605.8951416015625
PATH_0035,0,2022-11-30,1295.6885986328125
PATH_0035,1,2022-12-31,1196.771240234375
PATH_0035,2,2023-01-31,1586.535400390625
PATH_0035,3,2023-02-28,1605.8951416015625
PATH_0035,4,2023-03-31,1822.0220947265625
PATH_0036,0,2022-12-31,1196.771240234375
PATH_0036,1,2023-01-31,1586.535400390625
PATH_0036,2,2023-02-28,1605.8951416015625
PATH_0036,3,2023-03-31,1822.0220947265625
PATH_0036,4,2023-04-30,1876.92431640625
PATH_0037,0,2023-01-31,1586.535400390625
PATH_0037,1,2023-02-28,1605.8951416015625
PATH_0037,2,2023-03-31,1822.0220947265625
PATH_0037,3,2023-04-30,1876.92431640625
PATH_0037,4,2023-05-31,1874.1304931640625
PATH_0038,0,2023-02-28,1605.8951416015625
PATH_0038,1,2023-03-31,1822.0220947265625
PATH_0038,2,2023-04-30,1876.92431640625
PATH_0038,3,2023-05-31,1874.1304931640625
PATH_0038,4,2023-06-30,1933.18896484375
PATH_0039,0,2023-03-31,1822.0220947265625
PATH_0039,1,2023-04-30,1876.92431640625
PATH_0039,2,2023-05-31,1874.1304931640625
PATH_0039,3,2023-06-30,1933.18896484375
PATH_0039,4,2023-07-31,1856.162353515625
PATH_0040,0,2023-04-30,1876.92431640625
PATH_0040,1,2023-05-31,1874.1304931640625
PATH_0040,2,2023-06-30,1933.18896484375
PATH_0040,3,2023-07-31,1856.162353515625
PATH_0040,4,2023-08-31,1645.63916015625
PATH_0041,0,2023-05-31,1874.1304931640625
PATH_0041,1,2023-06-30,1933.18896484375
PATH_0041,2,2023-07-31,1856.162353515625
PATH_0041,3,2023-08-31,1645.63916015625
PATH_0041,4,2023-09-30,1671.161865234375
PATH_0042,0,2023-06-30,1933.18896484375
PATH_0042,1,2023-07-31,1856.162353515625
PATH_0042,2,2023-08-31,1645.63916015625
PATH_0042,3,2023-09-30,1671.161865234375
PATH_0042,4,2023-10-31,1816.458984375
PATH_0043,0,2023-07-31,1856.162353515625
PATH_0043,1,2023-08-31,1645.63916015625
PATH_0043,2,2023-09-30,1671.161865234375
PATH_0043,3,2023-10-31,1816.458984375
PATH_0043,4,2023-11-30,2052.55615234375
PATH_0044,0,2023-08-31,1645.63916015625
PATH_0044,1,2023-09-30,1671.161865234375
PATH_0044,2,2023-10-31,1816.458984375
PATH_0044,3,2023-11-30,2052.55615234375
PATH_0044,4,2023-12-31,2281.47119140625
PATH_0045,0,2023-09-30,1671.161865234375
PATH_0045,1,2023-10-31,1816.458984375
PATH_0045,2,2023-11-30,2052.55615234375
PATH_0045,3,2023-12-31,2281.47119140625
PATH_0045,4,2024-01-31,2282.54443359375
PATH_0046,0,2023-10-31,1816.458984375
PATH_0046,1,2023-11-30,2052.55615234375
PATH_0046,2,2023-12-31,2281.47119140625
PATH_0046,3,2024-01-31,2282.54443359375
PATH_0046,4,2024-02-29,3341.919677734375
PATH_0047,0,2023-11-30,2052.55615234375
PATH_0047,1,2023-12-31,2281.47119140625
PATH_0047,2,2024-01-31,2282.54443359375
PATH_0047,3,2024-02-29,3341.919677734375
PATH_0047,4,2024-03-31,3647.8564453125
PATH_0048,0,2023-12-31,2281.47119140625
PATH_0048,1,2024-01-31,2282.54443359375
PATH_0048,2,2024-02-29,3341.919677734375
PATH_0048,3,2024-03-31,3647.8564453125
PATH_0048,4,2024-04-30,3012.286865234375
PATH_0049,0,2024-01-31,2282.54443359375
PATH_0049,1,2024-02-29,3341.919677734375
PATH_0049,2,2024-03-31,3647.8564453125
PATH_0049,3,2024-04-30,3012.286865234375
PATH_0049,4,2024-05-31,3760.026611328125
PATH_0050,0,2024-02-29,3341.919677734375
PATH_0050,1,2024-03-31,3647.8564453125
PATH_0050,2,2024-04-30,3012.286865234375
PATH_0050,3,2024-05-31,3760.026611328125
PATH_0050,4,2024-06-30,3432.88916015625
PATH_0051,0,2024-03-31,3647.8564453125
PATH_0051,1,2024-04-30,3012.286865234375
PATH_0051,2,2024-05-31,3760.026611328125
PATH_0051,3,2024-06-30,3432.88916015625
PATH_0051,4,2024-07-31,3231.295654296875
PATH_0052,0,2024-04-30,3012.286865234375
PATH_0052,1,2024-05-31,3760.026611328125
PATH_0052,2,2024-06-30,3432.88916015625
PATH_0052,3,2024-07-31,3231.295654296875
PATH_0052,4,2024-08-31,2513.393798828125
PATH_0053,0,2024-05-31,3760.026611328125
PATH_0053,1,2024-06-30,3432.88916015625
PATH_0053,2,2024-07-31,3231.295654296875
PATH_0053,3,2024-08-31,2513.393798828125
PATH_0053,4,2024-09-30,2603.062744140625
PATH_0054,0,2024-06-30,3432.88916015625
PATH_0054,1,2024-07-31,3231.295654296875
PATH_0054,2,2024-08-31,2513.393798828125
PATH_0054,3,2024-09-30,2603.062744140625
PATH_0054,4,2024-10-31,2515.79931640625
PATH_0055,0,2024-07-31,3231.295654296875
PATH_0055,1,2024-08-31,2513.393798828125
PATH_0055,2,2024-09-30,2603.062744140625
PATH_0055,3,2024-10-31,2515.79931640625
PATH_0055,4,2024-11-30,3705.705322265625
PATH_0056,0,2024-08-31,2513.393798828125
PATH_0056,1,2024-09-30,2603.062744140625
PATH_0056,2,2024-10-31,2515.79931640625
PATH_0056,3,2024-11-30,3705.705322265625
PATH_0056,4,2024-12-31,3332.53173828125
PATH_0057,0,2024-09-30,2603.062744140625
PATH_0057,1,2024-10-31,2515.79931640625
PATH_0057,2,2024-11-30,3705.705322265625
PATH_0057,3,2024-12-31,3332.53173828125
PATH_0057,4,2025-01-31,3298.26513671875
PATH_0058,0,2024-10-31,2515.79931640625
PATH_0058,1,2024-11-30,3705.705322265625
PATH_0058,2,2024-12-31,3332.53173828125
PATH_0058,3,2025-01-31,3298.26513671875
PATH_0058,4,2025-02-28,2237.9052734375
PATH_0059,0,2024-11-30,3705.705322265625
PATH_0059,1,2024-12-31,3332.53173828125
PATH_0059,2,2025-01-31,3298.26513671875
PATH_0059,3,2025-02-28,2237.9052734375
PATH_0059,4,2025-03-31,1823.47998046875
PATH_0060,0,2024-12-31,3332.53173828125
PATH_0060,1,2025-01-31,3298.26513671875
PATH_0060,2,2025-02-28,2237.9052734375
PATH_0060,3,2025-03-31,1823.47998046875
PATH_0060,4,2025-04-30,1793.775390625
PATH_0061,0,2025-01-31,3298.26513671875
PATH_0061,1,2025-02-28,2237.9052734375
PATH_0061,2,2025-03-31,1823.47998046875
PATH_0061,3,2025-04-30,1793.775390625
PATH_0061,4,2025-05-31,2529.08740234375
PATH_0062,0,2025-02-28,2237.9052734375
PATH_0062,1,2025-03-31,1823.47998046875
PATH_0062,2,2025-04-30,1793.775390625
PATH_0062,3,2025-05-31,2529.08740234375
PATH_0062,4,2025-06-30,2486.46435546875
PATH_0063,0,2025-03-31,1823.47998046875
PATH_0063,1,2025-04-30,1793.775390625
PATH_0063,2,2025-05-31,2529.08740234375
PATH_0063,3,2025-06-30,2486.46435546875
PATH_0063,4,2025-07-31,3696.707763671875
PATH_0064,0,2025-04-30,1793.775390625
PATH_0064,1,2025-05-31,2529.08740234375
PATH_0064,2,2025-06-30,2486.46435546875
PATH_0064,3,2025-07-31,3696.707763671875
PATH_0064,4,2025-08-31,4390.01904296875
PATH_0065,0,2025-05-31,2529.08740234375
PATH_0065,1,2025-06-30,2486.46435546875
PATH_0065,2,2025-07-31,3696.707763671875
PATH_0065,3,2025-08-31,4390.01904296875
PATH_0065,4,2025-09-30,4145.95751953125
PATH_0066,0,2025-06-30,2486.46435546875
PATH_0066,1,2025-07-31,3696.707763671875
PATH_0066,2,2025-08-31,4390.01904296875
PATH_0066,3,2025-09-30,4145.95751953125
PATH_0066,4,2025-10-31,3847.080322265625
PATH_0067,0,2025-07-31,3696.707763671875
PATH_0067,1,2025-08-31,4390.01904296875
PATH_0067,2,2025-09-30,4145.95751953125
PATH_0067,3,2025-10-31,3847.080322265625
PATH_0067,4,2025-11-30,2992.112548828125
PATH_0068,0,2025-08-31,4390.01904296875
PATH_0068,1,2025-09-30,4145.95751953125
PATH_0068,2,2025-10-31,3847.080322265625
PATH_0068,3,2025-11-30,2992.112548828125
PATH_0068,4,2025-12-31,2967.03759765625
PATH_0069,0,2025-09-30,4145.95751953125
PATH_0069,1,2025-10-31,3847.080322265625
PATH_0069,2,2025-11-30,2992.112548828125
PATH_0069,3,2025-12-31,2967.03759765625
PATH_0069,4,2026-01-31,2445.091796875
PATH_0070,0,2025-10-31,3847.080322265625
PATH_0070,1,2025-11-30,2992.112548828125
PATH_0070,2,2025-12-31,2967.03759765625
PATH_0070,3,2026-01-31,2445.091796875
PATH_0070,4,2026-02-28,1965.050537109375
PATH_0071,0,2025-11-30,2992.112548828125
PATH_0071,1,2025-12-31,2967.03759765625
PATH_0071,2,2026-01-31,2445.091796875
PATH_0071,3,2026-02-28,1965.050537109375
PATH_0071,4,2026-03-31,2104.708251953125
PATH_0072,0,2025-12-31,2967.03759765625
PATH_0072,1,2026-01-31,2445.091796875
PATH_0072,2,2026-02-28,1965.050537109375
PATH_0072,3,2026-03-31,2104.708251953125
PATH_0072,4,2026-04-30,2256.251220703125
PATH_0073,0,2026-01-31,2445.091796875
PATH_0073,1,2026-02-28,1965.050537109375
PATH_0073,2,2026-03-31,2104.708251953125
PATH_0073,3,2026-04-30,2256.251220703125
PATH_0073,4,2026-05-31,2004.341552734375
PATH_0074,0,2026-02-28,1965.050537109375
PATH_0074,1,2026-03-31,2104.708251953125
PATH_0074,2,2026-04-30,2256.251220703125
PATH_0074,3,2026-05-31,2004.341552734375
PATH_0074,4,2026-06-30,1569.5838623046875
PATH_0075,0,2026-03-31,2104.708251953125
PATH_0075,1,2026-04-30,2256.251220703125
PATH_0075,2,2026-05-31,2004.341552734375
PATH_0075,3,2026-06-30,1569.5838623046875
PATH_0075,4,2026-07-31,1860.345947265625
PATH_0076,0,2026-04-30,2256.251220703125
PATH_0076,1,2026-05-31,2004.341552734375
PATH_0076,2,2026-06-30,1569.5838623046875
PATH_0076,3,2026-07-31,1860.345947265625
PATH_0076,4,2026-08-31,2466.8203125
PATH_0077,0,2026-05-31,2004.341552734375
PATH_0077,1,2026-06-30,1569.5838623046875
PATH_0077,2,2026-07-31,1860.345947265625
PATH_0077,3,2026-08-31,2466.8203125
PATH_0077,4,2026-09-30,2683.679443359375
