path_id,start_month,end_month,start_date,end_date,n_steps,start_price,end_price,min_price,path_return_total,max_drawdown
PATH_0001,2020-01,2020-05,2020-01-31,2020-05-31,5,180.16017150878903,230.9757080078125,133.59356689453125,0.2820575495319422,0.39233808569577217
PATH_0002,2020-02,2020-06,2020-02-29,2020-06-30,5,219.8485107421875,226.31500244140625,133.59356689453125,0.0294133977864508,0.39233808569577217
PATH_0003,2020-03,2020-07,2020-03-31,2020-07-31,5,133.59356689453125,345.5546569824219,133.59356689453125,1.586611503944861,0.020178336529868356
PATH_0004,2020-04,2020-08,2020-04-30,2020-08-31,5,207.60205078125,435.0797424316406,207.60205078125,1.0957391354967085,0.020178336529868356
PATH_0005,2020-05,2020-09,2020-05-31,2020-09-30,5,230.9757080078125,359.9378662109375,226.31500244140625,0.558336455878568,0.1727082851542079
PATH_0006,2020-06,2020-10,2020-06-30,2020-10-31,5,226.31500244140625,386.59033203125,226.31500244140625,0.7081957796029876,0.1727082851542079
PATH_0007,2020-07,2020-11,2020-07-31,2020-11-30,5,345.5546569824219,614.842529296875,345.5546569824219,0.7792916890949371,0.1727082851542079
PATH_0008,2020-08,2020-12,2020-08-31,2020-12-31,5,435.0797424316406,737.8034057617188,359.9378662109375,0.6957889182294941,0.1727082851542079
PATH_0009,2020-09,2021-01,2020-09-30,2021-01-31,5,359.9378662109375,1314.9862060546875,359.9378662109375,2.653370010489685,0.0
PATH_0010,2020-10,2021-02,2020-10-31,2021-02-28,5,386.59033203125,1416.0489501953125,386.59033203125,2.6629186838558763,0.0
PATH_0011,2020-11,2021-03,2020-11-30,2021-03-31,5,614.842529296875,1918.362060546875,614.842529296875,2.1200868013159173,0.0
PATH_0012,2020-12,2021-04,2020-12-31,2021-04-30,5,737.8034057617188,2773.20703125,737.8034057617188,2.7587343858719406,0.0
PATH_0013,2021-01,2021-05,2021-01-31,2021-05-31,5,1314.9862060546875,2714.9453125,1314.9862060546875,1.064618853033878,0.02100878805421859
PATH_0014,2021-02,2021-06,2021-02-28,2021-06-30,5,1416.0489501953125,2274.547607421875,1416.0489501953125,0.606263404318157,0.1798132696942422
PATH_0015,2021-03,2021-07,2021-03-31,2021-07-31,5,1918.362060546875,2536.2099609375,1918.362060546875,0.3220705377245068,0.1798132696942422
PATH_0016,2021-04,2021-08,2021-04-30,2021-08-31,5,2773.20703125,3433.732666015625,2274.547607421875,0.23818114815174773,0.1798132696942422
PATH_0017,2021-05,2021-09,2021-05-31,2021-09-30,5,2714.9453125,3001.678955078125,2274.547607421875,0.10561304541125072,0.1622123668754838
PATH_0018,2021-06,2021-10,2021-06-30,2021-10-31,5,2274.547607421875,4288.07421875,2274.547607421875,0.8852426762833911,0.1258262517678288
PATH_0019,2021-07,2021-11,2021-07-31,2021-11-30,5,2536.2099609375,4631.47900390625,2536.2099609375,0.826141792375203,0.1258262517678288
PATH_0020,2021-08,2021-12,2021-08-31,2021-12-31,5,3433.732666015625,3682.6328125,3001.678955078125,0.07248675732615761,0.2048689394048814
PATH_0021,2021-09,2022-01,2021-09-30,2022-01-31,5,3001.678955078125,2688.27880859375,2688.27880859375,-0.10440828322235352,0.41956364126309964
PATH_0022,2021-10,2022-02,2021-10-31,2022-02-28,5,4288.07421875,2919.201171875,2688.27880859375,-0.3192279277465573,0.41956364126309964
PATH_0023,2021-11,2022-03,2021-11-30,2022-03-31,5,4631.47900390625,3281.642822265625,2688.27880859375,-0.29144819192792526,0.41956364126309964
PATH_0024,2021-12,2022-04,2021-12-31,2022-04-30,5,3682.6328125,2730.186767578125,2688.27880859375,-0.2586318249511538,0.2700117156755633
PATH_0025,2022-01,2022-05,2022-01-31,2022-05-31,5,2688.27880859375,1942.3280029296875,1942.3280029296875,-0.2774826789838337,0.4081232760155425
PATH_0026,2022-02,2022-06,2022-02-28,2022-06-30,5,2919.201171875,1067.298828125,1067.298828125,-0.6343866813949397,0.6747669122052278
PATH_0027,2022-03,2022-07,2022-03-31,2022-07-31,5,3281.642822265625,1681.517333984375,1067.298828125,-0.4875989176593367,0.6747669122052278
PATH_0028,2022-04,2022-08,2022-04-30,2022-08-31,5,2730.186767578125,1553.6849365234375,1067.298828125,-0.4309235708802187,0.609074792684688
PATH_0029,2022-05,2022-09,2022-05-31,2022-09-30,5,1942.3280029296875,1327.9786376953125,1067.298828125,-0.31629537560480436,0.45050535928269975
PATH_0030,2022-06,2022-10,2022-06-30,2022-10-31,5,1067.298828125,1572.7144775390625,1067.298828125,0.4735465233312044,0.21024980780385322
PATH_0031,2022-07,2022-11,2022-07-31,2022-11-30,5,1681.517333984375,1295.6885986328125,1295.6885986328125,-0.22945272555551766,0.22945272555551766
PATH_0032,2022-08,2022-12,2022-08-31,2022-12-31,5,1553.6849365234375,1196.771240234375,1196.771240234375,-0.22972076764012472,0.2390409973798629
PATH_0033,2022-09,2023-01,2022-09-30,2023-01-31,5,1327.9786376953125,1586.535400390625,1196.771240234375,0.19469948940145154,0.2390409973798629
PATH_0034,2022-10,2023-02,2022-10-31,2023-02-28,5,1572.7144775390625,1605.8951416015625,1196.771240234375,0.021097703706791204,0.2390409973798629
PATH_0035,2022-11,2023-03,2022-11-30,2023-03-31,5,1295.6885986328125,1822.0220947265625,1196.771240234375,0.4062191306222249,0.0763434659398974
PATH_0036,2022-12,2023-04,2022-12-31,2023-04-30,5,1196.771240234375,1876.92431640625,1196.771240234375,0.5683233798621985,0.0
PATH_0037,2023-01,2023-05,2023-01-31,2023-05-31,5,1586.535400390625,1874.1304931640625,1586.535400390625,0.1812724082315642,0.0014885114001489618
PATH_0038,2023-02,2023-06,2023-02-28,2023-06-30,5,1605.8951416015625,1933.18896484375,1605.8951416015625,0.20380771743027792,0.0014885114001489618
PATH_0039,2023-03,2023-07,2023-03-31,2023-07-31,5,1822.0220947265625,1856.162353515625,1822.0220947265625,0.018737565745154283,0.03984432599652806
PATH_0040,2023-04,2023-08,2023-04-30,2023-08-31,5,1876.92431640625,1645.63916015625,1645.63916015625,-0.12322561662626974,0.14874376479318524
PATH_0041,2023-05,2023-09,2023-05-31,2023-09-30,5,1874.1304931640625,1671.161865234375,1645.63916015625,-0.10830015768380086,0.14874376479318524
PATH_0042,2023-06,2023-10,2023-06-30,2023-10-31,5,1933.18896484375,1816.458984375,1645.63916015625,-0.06038208503749898,0.14874376479318524
PATH_0043,2023-07,2023-11,2023-07-31,2023-11-30,5,1856.162353515625,2052.55615234375,1645.63916015625,0.10580636896128692,0.11341852341775922
PATH_0044,2023-08,2023-12,2023-08-31,2023-12-31,5,1645.63916015625,2281.47119140625,1645.63916015625,0.3863739066525551,0.0
PATH_0045,2023-09,2024-01,2023-09-30,2024-01-31,5,1671.161865234375,2282.54443359375,1671.161865234375,0.3658428193451091,0.0
PATH_0046,2023-10,2024-02,2023-10-31,2024-02-29,5,1816.458984375,3341.919677734375,1816.458984375,0.8397991402400145,0.0
PATH_0047,2023-11,2024-03,2023-11-30,2024-03-31,5,2052.55615234375,3647.8564453125,2052.55615234375,0.7772261388060571,0.0
PATH_0048,2023-12,2024-04,2023-12-31,2024-04-30,5,2281.47119140625,3012.286865234375,2281.47119140625,0.32032649659611345,0.17423097361598006
PATH_0049,2024-01,2024-05,2024-01-31,2024-05-31,5,2282.54443359375,3760.026611328125,2282.54443359375,0.6472961297003776,0.17423097361598006
PATH_0050,2024-02,2024-06,2024-02-29,2024-06-30,5,3341.919677734375,3432.88916015625,3012.286865234375,0.02722072676610443,0.17423097361598006
PATH_0051,2024-03,2024-07,2024-03-31,2024-07-31,5,3647.8564453125,3231.295654296875,3012.286865234375,-0.11419330701757913,0.17423097361598006
PATH_0052,2024-04,2024-08,2024-04-30,2024-08-31,5,3012.286865234375,2513.393798828125,2513.393798828125,-0.16561937449056097,0.3315489333889745
PATH_0053,2024-05,2024-09,2024-05-31,2024-09-30,5,3760.026611328125,2603.062744140625,2513.393798828125,-0.3077009784190955,0.3315489333889745
PATH_0054,2024-06,2024-10,2024-06-30,2024-10-31,5,3432.88916015625,2515.79931640625,2513.393798828125,-0.267148107895292,0.26784883473670723
PATH_0055,2024-07,2024-11,2024-07-31,2024-11-30,5,3231.295654296875,3705.705322265625,2513.393798828125,0.14681716522531607,0.22217151640522487
PATH_0056,2024-08,2024-12,2024-08-31,2024-12-31,5,2513.393798828125,3332.53173828125,2513.393798828125,0.3259091113517705,0.10070244434768522
PATH_0057,2024-09,2025-01,2024-09-30,2025-01-31,5,2603.062744140625,3298.26513671875,2515.79931640625,0.267070931787178,0.10994942935661457
PATH_0058,2024-10,2025-02,2024-10-31,2025-02-28,5,2515.79931640625,2237.9052734375,2237.9052734375,-0.11045954307902184,0.3960919504335356
PATH_0059,2024-11,2025-03,2024-11-30,2025-03-31,5,3705.705322265625,1823.47998046875,1823.47998046875,-0.5079263400917438,0.5079263400917439
PATH_0060,2024-12,2025-04,2024-12-31,2025-04-30,5,3332.53173828125,1793.775390625,1793.775390625,-0.4617379423518595,0.4617379423518595
PATH_0061,2025-01,2025-05,2025-01-31,2025-05-31,5,3298.26513671875,2529.08740234375,1793.775390625,-0.23320676249217787,0.456145786869784
PATH_0062,2025-02,2025-06,2025-02-28,2025-06-30,5,2237.9052734375,2486.46435546875,1793.775390625,0.11106774043632983,0.19845785614075662
PATH_0063,2025-03,2025-07,2025-03-31,2025-07-31,5,1823.47998046875,3696.707763671875,1793.775390625,1.0272817926531812,0.016853133203502763
PATH_0064,2025-04,2025-08,2025-04-30,2025-08-31,5,1793.775390625,4390.01904296875,1793.775390625,1.4473627333236792,0.016853133203502763
PATH_0065,2025-05,2025-09,2025-05-31,2025-09-30,5,2529.08740234375,4145.95751953125,2486.46435546875,0.639309703448413,0.05559463889533687
PATH_0066,2025-06,2025-10,2025-06-30,2025-10-31,5,2486.46435546875,3847.080322265625,2486.46435546875,0.5472091179607401,0.12367570969258547
PATH_0067,2025-07,2025-11,2025-07-31,2025-11-30,5,3696.707763671875,2992.112548828125,2992.112548828125,-0.19060073446105674,0.31842834403636
PATH_0068,2025-08,2025-12,2025-08-31,2025-12-31,5,4390.01904296875,2967.03759765625,2967.03759765625,-0.32414015323956524,0.3241401532395652
PATH_0069,2025-09,2026-01,2025-09-30,2026-01-31,5,4145.95751953125,2445.091796875,2445.091796875,-0.410246780060726,0.410246780060726
PATH_0070,2025-10,2026-02,2025-10-31,2026-02-28,5,3847.080322265625,1965.050537109375,1965.050537109375,-0.48920990140592746,0.48920990140592746
PATH_0071,2025-11,2026-03,2025-11-30,2026-03-31,5,2992.112548828125,2104.708251953125,1965.050537109375,-0.29658118884015783,0.3432564768063299
PATH_0072,2025-12,2026-04,2025-12-31,2026-04-30,5,2967.03759765625,2256.251220703125,1965.050537109375,-0.23956096057380472,0.33770622298092007
PATH_0073,2026-01,2026-05,2026-01-31,2026-05-31,5,2445.091796875,2004.341552734375,1965.050537109375,-0.18025918074075375,0.19632852246249063
PATH_0074,2026-02,2026-06,2026-02-28,2026-06-30,5,1965.050537109375,1569.5838623046875,1569.5838623046875,-0.20125012936635522,0.30433993878768895
PATH_0075,2026-03,2026-07,2026-03-31,2026-07-31,5,2104.708251953125,1860.345947265625,1569.5838623046875,-0.11610269711288346,0.30433993878768895
PATH_0076,2026-04,2026-08,2026-04-30,2026-08-31,5,2256.251220703125,2466.8203125,1569.5838623046875,0.09332697080214958,0.30433993878768895
PATH_0077,2026-05,2026-09,2026-05-31,2026-09-30,5,2004.341552734375,2683.679443359375,1569.5838623046875,0.33893319713809733,0.2169079864839302
